<?xml version="1.0" encoding="UTF-8" ?>
<!DOCTYPE mapper PUBLIC "-//mybatis.org//DTD Mapper 3.0//EN" "http://mybatis.org/dtd/mybatis-3-mapper.dtd" >
<mapper namespace="cn.pzhu.pserson.dao.dao.DeptMapper" >
  <resultMap id="BaseResultMap" type="cn.pzhu.pserson.domain.Dept" >
    <!--
      WARNING - @mbggenerated
    -->
    <id column="id" property="id" jdbcType="INTEGER" />
    <result column="name" property="name" jdbcType="VARCHAR" />
    <result column="remark" property="remark" jdbcType="VARCHAR" />
  </resultMap>

  <select id="getDepts" resultType="cn.pzhu.pserson.domain.response.DeptResDto">
    SELECT
      d.*,COUNT(e.id) as num
    FROM
      dept d
    LEFT JOIN employee e ON d.id = e.dept_id
    <where>
      <if test="content!=null and content!=''">
        <bind name="key" value="'%'+ content +'%'"/>
        d.name like #{key} or d.remark like #{key}
      </if>
    </where>
    GROUP BY d.id
  </select>

</mapper>