<?xml version="1.0" encoding="UTF-8" ?>
<!DOCTYPE mapper PUBLIC "-//mybatis.org//DTD Mapper 3.0//EN" "http://mybatis.org/dtd/mybatis-3-mapper.dtd" >
<mapper namespace="cn.pzhu.pserson.dao.dao.DocumentMapper" >
  <resultMap id="BaseResultMap" type="cn.pzhu.pserson.domain.Document" >
    <!--
      WARNING - @mbggenerated
    -->
    <id column="id" property="id" jdbcType="INTEGER" />
    <result column="title" property="title" jdbcType="VARCHAR" />
    <result column="filename" property="filename" jdbcType="VARCHAR" />
    <result column="remark" property="remark" jdbcType="VARCHAR" />
    <result column="path" property="path" jdbcType="VARCHAR" />
    <result column="create_date" property="createDate" jdbcType="VARCHAR" />
    <result column="user_id" property="userId" jdbcType="INTEGER" />
  </resultMap>

  <resultMap id="map" type="cn.pzhu.pserson.domain.response.documentResDTO" >
    <!--
      WARNING - @mbggenerated
    -->
    <id column="id" property="id" jdbcType="INTEGER" />
    <result column="title" property="title" jdbcType="VARCHAR" />
    <result column="filename" property="filename" jdbcType="VARCHAR" />
    <result column="remark" property="remark" jdbcType="VARCHAR" />
    <result column="path" property="path" jdbcType="VARCHAR" />
    <result column="create_date" property="createDate" jdbcType="VARCHAR" />
    <result column="user" property="user" jdbcType="INTEGER" />
  </resultMap>

  <select id="selectById" resultType="cn.pzhu.pserson.domain.response.documentResDTO">
    SELECT
      d.id,
      d.title,
      d.filename,
      d.remark,
      d.path,
      d.create_date AS createdate,
      u.username AS user
    FROM
      document d
    LEFT JOIN user u ON d.user_id = u.id
    <where>
      <if test="content!='' and content!=null">
        filename like concat('%', #{content}, '%')
        or title like concat('%', #{content}, '%')
      </if>
    </where>
    order by d.create_date
  </select>
</mapper>