<?xml version="1.0" encoding="UTF-8"?>
<!DOCTYPE generatorConfiguration
        PUBLIC "-//mybatis.org//DTD MyBatis Generator Configuration 1.0//EN"
        "http://mybatis.org/dtd/mybatis-generator-config_1_0.dtd">

<generatorConfiguration>
    <properties resource="config.properties"/>

    <context id="Mysql" targetRuntime="MyBatis3Simple" defaultModelType="flat">
        <property name="beginningDelimiter" value="`"/>
        <property name="endingDelimiter" value="`"/>
        <property name="javaFileEncoding" value="UTF-8"/>
        <plugin type="${mapper.plugin}">
            <property name="mappers" value="${mapper.Mapper}"/>
        </plugin>

        <jdbcConnection driverClass="${jdbc.driverClass}"
                        connectionURL="${jdbc.url}"
                        userId="${jdbc.user}"
                        password="${jdbc.password}">
        </jdbcConnection>

        <javaModelGenerator targetPackage="${targetModelPackage}" targetProject="${targetModelJavaProject}"/>

        <sqlMapGenerator targetPackage="${targetXMLPackage}"  targetProject="${targetModelDaoProject}"/>

        <javaClientGenerator targetPackage="${targetMapperPackage}" targetProject="${targetModelDaoProject}" type="XMLMAPPER" />

        <table tableName="dept" >
            <generatedKey column="id" sqlStatement="Mysql" identity="true"/>
        </table>
        <table tableName="document" >
            <generatedKey column="id" sqlStatement="Mysql" identity="true"/>
        </table>
        <table tableName="employee" >
            <generatedKey column="id" sqlStatement="Mysql" identity="true"/>
        </table>
        <table tableName="job" >
            <generatedKey column="id" sqlStatement="Mysql" identity="true"/>
        </table>
        <table tableName="notice" >
            <generatedKey column="id" sqlStatement="Mysql" identity="true"/>
        </table>
        <table tableName="user" >
            <generatedKey column="id" sqlStatement="Mysql" identity="true"/>
        </table>
    </context>
</generatorConfiguration>